1,"Produsen Sajadah Murah"
2,"Produsen Sajadah Batik"
3,"Produsen Sajadah Souvenir"
4,"Produsen Sajadah Mahal"
5,"Produsen Sajadah Cantik"
6,"Produsen Sajadah Pengajian"
7,"Produsen Sajadah Pernikahan"
8,"Produsen Sajadah Tasbih"
9,"Produsen Sajadah Melati"
10,"Produsen Souvenir Nikah"
11,"Produsen Sajadah Tahlil"
12,"Produsen Sajadah Tahlilan"
13,"Produsen Sajadah Mahal Mahal"
14,"Produsen Sajadah Batik Melati"
15,"Produsen Sajadah Souvenrrr"
16,"Pabrik Sajadah Murah"
17,"Pabrik Sajadah Batik"
18,"Pabrik Sajadah Souvenir"
19,"Pabrik Sajadah Mahal"
20,"Pabrik Sajadah Cantik"
21,"Pabrik Sajadah Pengajian"
22,"Pabrik Sajadah Pernikahan"
23,"Pabrik Sajadah Tasbih"
24,"Pabrik Sajadah Melati"
25,"Pabrik Souvenir Nikah"
26,"Pabrik Sajadah Tahlil"
27,"Pabrik Sajadah Tahlilan"
28,"Pabrik Sajadah Mahal Mahal"
29,"Pabrik Sajadah Batik Melati"
30,"Pabrik Sajadah Souvenrrr"
31,"Pusat Sajadah Murah"
32,"Pusat Sajadah Batik"
33,"Pusat Sajadah Souvenir"
34,"Pusat Sajadah Mahal"
35,"Pusat Sajadah Cantik"
36,"Pusat Sajadah Pengajian"
37,"Pusat Sajadah Pernikahan"
38,"Pusat Sajadah Tasbih"
39,"Pusat Sajadah Melati"
40,"Pusat Souvenir Nikah"
41,"Pusat Sajadah Tahlil"
42,"Pusat Sajadah Tahlilan"
43,"Pusat Sajadah Mahal Mahal"
44,"Pusat Sajadah Batik Melati"
45,"Pusat Sajadah Souvenrrr"
46,"Grosir Sajadah Murah"
47,"Grosir Sajadah Batik"
48,"Grosir Sajadah Souvenir"
49,"Grosir Sajadah Mahal"
50,"Grosir Sajadah Cantik"
51,"Grosir Sajadah Pengajian"
52,"Grosir Sajadah Pernikahan"
53,"Grosir Sajadah Tasbih"
54,"Grosir Sajadah Melati"
55,"Grosir Souvenir Nikah"
56,"Grosir Sajadah Tahlil"
57,"Grosir Sajadah Tahlilan"
58,"Grosir Sajadah Mahal Mahal"
59,"Grosir Sajadah Batik Melati"
60,"Grosir Sajadah Souvenrrr"
61,"Distibutor Sajadah Murah"
62,"Distibutor Sajadah Batik"
63,"Distibutor Sajadah Souvenir"
64,"Distibutor Sajadah Mahal"
65,"Distibutor Sajadah Cantik"
66,"Distibutor Sajadah Pengajian"
67,"Distibutor Sajadah Pernikahan"
68,"Distibutor Sajadah Tasbih"
69,"Distibutor Sajadah Melati"
70,"Distibutor Souvenir Nikah"
71,"Distibutor Sajadah Tahlil"
72,"Distibutor Sajadah Tahlilan"
73,"Distibutor Sajadah Mahal Mahal"
74,"Distibutor Sajadah Batik Melati"
75,"Distibutor Sajadah Souvenrrr"
76,"Kulakan Sajadah Murah"
77,"Kulakan Sajadah Batik"
78,"Kulakan Sajadah Souvenir"
79,"Kulakan Sajadah Mahal"
80,"Kulakan Sajadah Cantik"
81,"Kulakan Sajadah Pengajian"
82,"Kulakan Sajadah Pernikahan"
83,"Kulakan Sajadah Tasbih"
84,"Kulakan Sajadah Melati"
85,"Kulakan Souvenir Nikah"
86,"Kulakan Sajadah Tahlil"
87,"Kulakan Sajadah Tahlilan"
88,"Kulakan Sajadah Mahal Mahal"
89,"Kulakan Sajadah Batik Melati"
90,"Kulakan Sajadah Souvenrrr"
91,"Reseller Sajadah Murah"
92,"Reseller Sajadah Batik"
93,"Reseller Sajadah Souvenir"
94,"Reseller Sajadah Mahal"
95,"Reseller Sajadah Cantik"
96,"Reseller Sajadah Pengajian"
97,"Reseller Sajadah Pernikahan"
98,"Reseller Sajadah Tasbih"
99,"Reseller Sajadah Melati"
100,"Reseller Souvenir Nikah"
101,"Reseller Sajadah Tahlil"
102,"Reseller Sajadah Tahlilan"
103,"Reseller Sajadah Mahal Mahal"
104,"Reseller Sajadah Batik Melati"
105,"Reseller Sajadah Souvenrrr"
106,"Dropship Sajadah Murah"
107,"Dropship Sajadah Batik"
108,"Dropship Sajadah Souvenir"
109,"Dropship Sajadah Mahal"
110,"Dropship Sajadah Cantik"
111,"Dropship Sajadah Pengajian"
112,"Dropship Sajadah Pernikahan"
113,"Dropship Sajadah Tasbih"
114,"Dropship Sajadah Melati"
115,"Dropship Souvenir Nikah"
116,"Dropship Sajadah Tahlil"
117,"Dropship Sajadah Tahlilan"
118,"Dropship Sajadah Mahal Mahal"
119,"Dropship Sajadah Batik Melati"
120,"Dropship Sajadah Souvenrrr"
1,"PROMO!!! 0852454654, Sajadah Murah di Jakarta"
2,"PROMO!!! 0852454654, Sajadah Murah di Bandung"
3,"PROMO!!! 0852454654, Sajadah Batik di Jakarta"
4,"PROMO!!! 0852454654, Sajadah Batik di Bandung"
5,"PROMO!!! 0852454654, Sajadah Souvenir di Jakarta"
6,"PROMO!!! 0852454654, Sajadah Souvenir di Bandung"
7,"PROMO!!! 0852454654, Sajadah Mahal di Jakarta"
8,"PROMO!!! 0852454654, Sajadah Mahal di Bandung"
9,"PROMO!!! 0852454654, Sajadah Cantik di Jakarta"
10,"PROMO!!! 0852454654, Sajadah Cantik di Bandung"
11,"PROMO!!! 0852454654, Sajadah Pengajian di Jakarta"
12,"PROMO!!! 0852454654, Sajadah Pengajian di Bandung"
13,"PROMO!!! 0852454654, Sajadah Pernikahan di Jakarta"
14,"PROMO!!! 0852454654, Sajadah Pernikahan di Bandung"
15,"PROMO!!! 0852454654, Sajadah Tasbih di Jakarta"
16,"PROMO!!! 0852454654, Sajadah Tasbih di Bandung"
17,"PROMO!!! 0852454654, Sajadah Melati di Jakarta"
18,"PROMO!!! 0852454654, Sajadah Melati di Bandung"
19,"PROMO!!! 0852454654, Souvenir Nikah di Jakarta"
20,"PROMO!!! 0852454654, Souvenir Nikah di Bandung"
21,"PROMO!!! 0852454654, Sajadah Tahlil di Jakarta"
22,"PROMO!!! 0852454654, Sajadah Tahlil di Bandung"
23,"PROMO!!! 0852454654, Sajadah Tahlilan di Jakarta"
24,"PROMO!!! 0852454654, Sajadah Tahlilan di Bandung"
25,"PROMO!!! 0852454654, Sajadah Mahal Mahal di Jakarta"
26,"PROMO!!! 0852454654, Sajadah Mahal Mahal di Bandung"
27,"PROMO!!! 0852454654, Sajadah Batik Melati di Jakarta"
28,"PROMO!!! 0852454654, Sajadah Batik Melati di Bandung"
29,"PROMO!!! 0852454654, Sajadah Souvenrrr di Jakarta"
30,"PROMO!!! 0852454654, Sajadah Souvenrrr di Bandung"
31,"DISKON!!! 0852454654, Sajadah Murah di Jakarta"
32,"DISKON!!! 0852454654, Sajadah Murah di Bandung"
33,"DISKON!!! 0852454654, Sajadah Batik di Jakarta"
34,"DISKON!!! 0852454654, Sajadah Batik di Bandung"
35,"DISKON!!! 0852454654, Sajadah Souvenir di Jakarta"
36,"DISKON!!! 0852454654, Sajadah Souvenir di Bandung"
37,"DISKON!!! 0852454654, Sajadah Mahal di Jakarta"
38,"DISKON!!! 0852454654, Sajadah Mahal di Bandung"
39,"DISKON!!! 0852454654, Sajadah Cantik di Jakarta"
40,"DISKON!!! 0852454654, Sajadah Cantik di Bandung"
41,"DISKON!!! 0852454654, Sajadah Pengajian di Jakarta"
42,"DISKON!!! 0852454654, Sajadah Pengajian di Bandung"
43,"DISKON!!! 0852454654, Sajadah Pernikahan di Jakarta"
44,"DISKON!!! 0852454654, Sajadah Pernikahan di Bandung"
45,"DISKON!!! 0852454654, Sajadah Tasbih di Jakarta"
46,"DISKON!!! 0852454654, Sajadah Tasbih di Bandung"
47,"DISKON!!! 0852454654, Sajadah Melati di Jakarta"
48,"DISKON!!! 0852454654, Sajadah Melati di Bandung"
49,"DISKON!!! 0852454654, Souvenir Nikah di Jakarta"
50,"DISKON!!! 0852454654, Souvenir Nikah di Bandung"
51,"DISKON!!! 0852454654, Sajadah Tahlil di Jakarta"
52,"DISKON!!! 0852454654, Sajadah Tahlil di Bandung"
53,"DISKON!!! 0852454654, Sajadah Tahlilan di Jakarta"
54,"DISKON!!! 0852454654, Sajadah Tahlilan di Bandung"
55,"DISKON!!! 0852454654, Sajadah Mahal Mahal di Jakarta"
56,"DISKON!!! 0852454654, Sajadah Mahal Mahal di Bandung"
57,"DISKON!!! 0852454654, Sajadah Batik Melati di Jakarta"
58,"DISKON!!! 0852454654, Sajadah Batik Melati di Bandung"
59,"DISKON!!! 0852454654, Sajadah Souvenrrr di Jakarta"
60,"DISKON!!! 0852454654, Sajadah Souvenrrr di Bandung"
61,"SALE!!! 0852454654, Sajadah Murah di Jakarta"
62,"SALE!!! 0852454654, Sajadah Murah di Bandung"
63,"SALE!!! 0852454654, Sajadah Batik di Jakarta"
64,"SALE!!! 0852454654, Sajadah Batik di Bandung"
65,"SALE!!! 0852454654, Sajadah Souvenir di Jakarta"
66,"SALE!!! 0852454654, Sajadah Souvenir di Bandung"
67,"SALE!!! 0852454654, Sajadah Mahal di Jakarta"
68,"SALE!!! 0852454654, Sajadah Mahal di Bandung"
69,"SALE!!! 0852454654, Sajadah Cantik di Jakarta"
70,"SALE!!! 0852454654, Sajadah Cantik di Bandung"
71,"SALE!!! 0852454654, Sajadah Pengajian di Jakarta"
72,"SALE!!! 0852454654, Sajadah Pengajian di Bandung"
73,"SALE!!! 0852454654, Sajadah Pernikahan di Jakarta"
74,"SALE!!! 0852454654, Sajadah Pernikahan di Bandung"
75,"SALE!!! 0852454654, Sajadah Tasbih di Jakarta"
76,"SALE!!! 0852454654, Sajadah Tasbih di Bandung"
77,"SALE!!! 0852454654, Sajadah Melati di Jakarta"
78,"SALE!!! 0852454654, Sajadah Melati di Bandung"
79,"SALE!!! 0852454654, Souvenir Nikah di Jakarta"
80,"SALE!!! 0852454654, Souvenir Nikah di Bandung"
81,"SALE!!! 0852454654, Sajadah Tahlil di Jakarta"
82,"SALE!!! 0852454654, Sajadah Tahlil di Bandung"
83,"SALE!!! 0852454654, Sajadah Tahlilan di Jakarta"
84,"SALE!!! 0852454654, Sajadah Tahlilan di Bandung"
85,"SALE!!! 0852454654, Sajadah Mahal Mahal di Jakarta"
86,"SALE!!! 0852454654, Sajadah Mahal Mahal di Bandung"
87,"SALE!!! 0852454654, Sajadah Batik Melati di Jakarta"
88,"SALE!!! 0852454654, Sajadah Batik Melati di Bandung"
89,"SALE!!! 0852454654, Sajadah Souvenrrr di Jakarta"
90,"SALE!!! 0852454654, Sajadah Souvenrrr di Bandung"
91,"CUCI GUDANG!!! 0852454654, Sajadah Murah di Jakarta"
92,"CUCI GUDANG!!! 0852454654, Sajadah Murah di Bandung"
93,"CUCI GUDANG!!! 0852454654, Sajadah Batik di Jakarta"
94,"CUCI GUDANG!!! 0852454654, Sajadah Batik di Bandung"
95,"CUCI GUDANG!!! 0852454654, Sajadah Souvenir di Jakarta"
96,"CUCI GUDANG!!! 0852454654, Sajadah Souvenir di Bandung"
97,"CUCI GUDANG!!! 0852454654, Sajadah Mahal di Jakarta"
98,"CUCI GUDANG!!! 0852454654, Sajadah Mahal di Bandung"
99,"CUCI GUDANG!!! 0852454654, Sajadah Cantik di Jakarta"
100,"CUCI GUDANG!!! 0852454654, Sajadah Cantik di Bandung"
101,"CUCI GUDANG!!! 0852454654, Sajadah Pengajian di Jakarta"
102,"CUCI GUDANG!!! 0852454654, Sajadah Pengajian di Bandung"
103,"CUCI GUDANG!!! 0852454654, Sajadah Pernikahan di Jakarta"
104,"CUCI GUDANG!!! 0852454654, Sajadah Pernikahan di Bandung"
105,"CUCI GUDANG!!! 0852454654, Sajadah Tasbih di Jakarta"
106,"CUCI GUDANG!!! 0852454654, Sajadah Tasbih di Bandung"
107,"CUCI GUDANG!!! 0852454654, Sajadah Melati di Jakarta"
108,"CUCI GUDANG!!! 0852454654, Sajadah Melati di Bandung"
109,"CUCI GUDANG!!! 0852454654, Souvenir Nikah di Jakarta"
110,"CUCI GUDANG!!! 0852454654, Souvenir Nikah di Bandung"
111,"CUCI GUDANG!!! 0852454654, Sajadah Tahlil di Jakarta"
112,"CUCI GUDANG!!! 0852454654, Sajadah Tahlil di Bandung"
113,"CUCI GUDANG!!! 0852454654, Sajadah Tahlilan di Jakarta"
114,"CUCI GUDANG!!! 0852454654, Sajadah Tahlilan di Bandung"
115,"CUCI GUDANG!!! 0852454654, Sajadah Mahal Mahal di Jakarta"
116,"CUCI GUDANG!!! 0852454654, Sajadah Mahal Mahal di Bandung"
117,"CUCI GUDANG!!! 0852454654, Sajadah Batik Melati di Jakarta"
118,"CUCI GUDANG!!! 0852454654, Sajadah Batik Melati di Bandung"
119,"CUCI GUDANG!!! 0852454654, Sajadah Souvenrrr di Jakarta"
120,"CUCI GUDANG!!! 0852454654, Sajadah Souvenrrr di Bandung"
121,"OBRAL!!! 0852454654, Sajadah Murah di Jakarta"
122,"OBRAL!!! 0852454654, Sajadah Murah di Bandung"
123,"OBRAL!!! 0852454654, Sajadah Batik di Jakarta"
124,"OBRAL!!! 0852454654, Sajadah Batik di Bandung"
125,"OBRAL!!! 0852454654, Sajadah Souvenir di Jakarta"
126,"OBRAL!!! 0852454654, Sajadah Souvenir di Bandung"
127,"OBRAL!!! 0852454654, Sajadah Mahal di Jakarta"
128,"OBRAL!!! 0852454654, Sajadah Mahal di Bandung"
129,"OBRAL!!! 0852454654, Sajadah Cantik di Jakarta"
130,"OBRAL!!! 0852454654, Sajadah Cantik di Bandung"
131,"OBRAL!!! 0852454654, Sajadah Pengajian di Jakarta"
132,"OBRAL!!! 0852454654, Sajadah Pengajian di Bandung"
133,"OBRAL!!! 0852454654, Sajadah Pernikahan di Jakarta"
134,"OBRAL!!! 0852454654, Sajadah Pernikahan di Bandung"
135,"OBRAL!!! 0852454654, Sajadah Tasbih di Jakarta"
136,"OBRAL!!! 0852454654, Sajadah Tasbih di Bandung"
137,"OBRAL!!! 0852454654, Sajadah Melati di Jakarta"
138,"OBRAL!!! 0852454654, Sajadah Melati di Bandung"
139,"OBRAL!!! 0852454654, Souvenir Nikah di Jakarta"
140,"OBRAL!!! 0852454654, Souvenir Nikah di Bandung"
141,"OBRAL!!! 0852454654, Sajadah Tahlil di Jakarta"
142,"OBRAL!!! 0852454654, Sajadah Tahlil di Bandung"
143,"OBRAL!!! 0852454654, Sajadah Tahlilan di Jakarta"
144,"OBRAL!!! 0852454654, Sajadah Tahlilan di Bandung"
145,"OBRAL!!! 0852454654, Sajadah Mahal Mahal di Jakarta"
146,"OBRAL!!! 0852454654, Sajadah Mahal Mahal di Bandung"
147,"OBRAL!!! 0852454654, Sajadah Batik Melati di Jakarta"
148,"OBRAL!!! 0852454654, Sajadah Batik Melati di Bandung"
149,"OBRAL!!! 0852454654, Sajadah Souvenrrr di Jakarta"
150,"OBRAL!!! 0852454654, Sajadah Souvenrrr di Bandung"
1,"PROMO!!! Sajadah Murah di Jakarta, Sajadah Batik di Jakarta, Sajadah Souvenir di Jakarta, Sajadah Mahal di Jakarta, Sajadah Cantik di Jakarta","alamat","apa mbuhlah, mbuhlah apa","#pagar5 #pagar14 #pagar16 #pagar15 #pagar6 #pagar12 #pagar3 #pagar4 #pagar1 #pagar10 #pagar7 #pagar9 #pagar13 #pagar8 #pagar2"
2,"PROMO!!! Sajadah Pengajian di Jakarta, Sajadah Pernikahan di Jakarta, Sajadah Tasbih di Jakarta, Sajadah Melati di Jakarta, Souvenir Nikah di Jakarta","alamat","apa mbuhlah, mbuhlah apa","#pagar1 #pagar3 #pagar5 #pagar7 #pagar12 #pagar2 #pagar10 #pagar15 #pagar14 #pagar8 #pagar4 #pagar13 #pagar9 #pagar11 #pagar6"
3,"PROMO!!! Sajadah Tahlil di Jakarta, Sajadah Tahlilan di Jakarta, Sajadah Mahal Mahal di Jakarta, Sajadah Batik Melati di Jakarta, Sajadah Souvenrrr di Jakarta","alamat","apa mbuhlah, mbuhlah apa","#pagar4 #pagar12 #pagar3 #pagar15 #pagar14 #pagar16 #pagar10 #pagar11 #pagar1 #pagar8 #pagar2 #pagar9 #pagar7 #pagar13 #pagar5"
4,"PROMO!!! Sajadah Murah di Bandung, Sajadah Batik di Bandung, Sajadah Souvenir di Bandung, Sajadah Mahal di Bandung, Sajadah Cantik di Bandung","alamat","apa mbuhlah, mbuhlah apa","#pagar4 #pagar12 #pagar16 #pagar3 #pagar11 #pagar9 #pagar1 #pagar6 #pagar8 #pagar14 #pagar7 #pagar13 #pagar15 #pagar5 #pagar2"
5,"PROMO!!! Sajadah Pengajian di Bandung, Sajadah Pernikahan di Bandung, Sajadah Tasbih di Bandung, Sajadah Melati di Bandung, Souvenir Nikah di Bandung","alamat","apa mbuhlah, mbuhlah apa","#pagar12 #pagar2 #pagar8 #pagar15 #pagar10 #pagar16 #pagar5 #pagar3 #pagar14 #pagar13 #pagar7 #pagar6 #pagar9 #pagar1 #pagar11"
6,"PROMO!!! Sajadah Tahlil di Bandung, Sajadah Tahlilan di Bandung, Sajadah Mahal Mahal di Bandung, Sajadah Batik Melati di Bandung, Sajadah Souvenrrr di Bandung","alamat","apa mbuhlah, mbuhlah apa","#pagar12 #pagar8 #pagar9 #pagar5 #pagar2 #pagar13 #pagar4 #pagar6 #pagar11 #pagar3 #pagar1 #pagar15 #pagar14 #pagar7 #pagar16"
7,"DISKON!!! Sajadah Murah di Jakarta, Sajadah Batik di Jakarta, Sajadah Souvenir di Jakarta, Sajadah Mahal di Jakarta, Sajadah Cantik di Jakarta","alamat","apa mbuhlah, mbuhlah apa","#pagar15 #pagar11 #pagar14 #pagar13 #pagar10 #pagar6 #pagar1 #pagar16 #pagar5 #pagar4 #pagar3 #pagar2 #pagar7 #pagar8 #pagar9"
8,"DISKON!!! Sajadah Pengajian di Jakarta, Sajadah Pernikahan di Jakarta, Sajadah Tasbih di Jakarta, Sajadah Melati di Jakarta, Souvenir Nikah di Jakarta","alamat","apa mbuhlah, mbuhlah apa","#pagar12 #pagar2 #pagar14 #pagar1 #pagar15 #pagar4 #pagar7 #pagar13 #pagar11 #pagar9 #pagar5 #pagar6 #pagar3 #pagar16 #pagar8"
9,"DISKON!!! Sajadah Tahlil di Jakarta, Sajadah Tahlilan di Jakarta, Sajadah Mahal Mahal di Jakarta, Sajadah Batik Melati di Jakarta, Sajadah Souvenrrr di Jakarta","alamat","apa mbuhlah, mbuhlah apa","#pagar4 #pagar14 #pagar9 #pagar2 #pagar11 #pagar7 #pagar8 #pagar6 #pagar16 #pagar10 #pagar13 #pagar3 #pagar15 #pagar1 #pagar12"
10,"DISKON!!! Sajadah Murah di Bandung, Sajadah Batik di Bandung, Sajadah Souvenir di Bandung, Sajadah Mahal di Bandung, Sajadah Cantik di Bandung","alamat","apa mbuhlah, mbuhlah apa","#pagar7 #pagar5 #pagar3 #pagar12 #pagar8 #pagar4 #pagar1 #pagar14 #pagar2 #pagar9 #pagar13 #pagar10 #pagar15 #pagar16 #pagar6"
11,"DISKON!!! Sajadah Pengajian di Bandung, Sajadah Pernikahan di Bandung, Sajadah Tasbih di Bandung, Sajadah Melati di Bandung, Souvenir Nikah di Bandung","alamat","apa mbuhlah, mbuhlah apa","#pagar7 #pagar8 #pagar11 #pagar6 #pagar12 #pagar16 #pagar9 #pagar15 #pagar3 #pagar1 #pagar5 #pagar4 #pagar13 #pagar2 #pagar14"
12,"DISKON!!! Sajadah Tahlil di Bandung, Sajadah Tahlilan di Bandung, Sajadah Mahal Mahal di Bandung, Sajadah Batik Melati di Bandung, Sajadah Souvenrrr di Bandung","alamat","apa mbuhlah, mbuhlah apa","#pagar13 #pagar16 #pagar15 #pagar12 #pagar7 #pagar10 #pagar5 #pagar6 #pagar14 #pagar9 #pagar11 #pagar2 #pagar8 #pagar1 #pagar4"
13,"SALE!!! Sajadah Murah di Jakarta, Sajadah Batik di Jakarta, Sajadah Souvenir di Jakarta, Sajadah Mahal di Jakarta, Sajadah Cantik di Jakarta","alamat","apa mbuhlah, mbuhlah apa","#pagar6 #pagar5 #pagar15 #pagar16 #pagar14 #pagar13 #pagar1 #pagar12 #pagar7 #pagar11 #pagar2 #pagar3 #pagar9 #pagar8 #pagar4"
14,"SALE!!! Sajadah Pengajian di Jakarta, Sajadah Pernikahan di Jakarta, Sajadah Tasbih di Jakarta, Sajadah Melati di Jakarta, Souvenir Nikah di Jakarta","alamat","apa mbuhlah, mbuhlah apa","#pagar8 #pagar1 #pagar5 #pagar6 #pagar7 #pagar11 #pagar3 #pagar10 #pagar2 #pagar12 #pagar14 #pagar15 #pagar16 #pagar9 #pagar13"
15,"SALE!!! Sajadah Tahlil di Jakarta, Sajadah Tahlilan di Jakarta, Sajadah Mahal Mahal di Jakarta, Sajadah Batik Melati di Jakarta, Sajadah Souvenrrr di Jakarta","alamat","apa mbuhlah, mbuhlah apa","#pagar6 #pagar14 #pagar8 #pagar15 #pagar3 #pagar9 #pagar7 #pagar5 #pagar4 #pagar11 #pagar16 #pagar13 #pagar1 #pagar10 #pagar2"
16,"SALE!!! Sajadah Murah di Bandung, Sajadah Batik di Bandung, Sajadah Souvenir di Bandung, Sajadah Mahal di Bandung, Sajadah Cantik di Bandung","alamat","apa mbuhlah, mbuhlah apa","#pagar13 #pagar1 #pagar5 #pagar9 #pagar7 #pagar6 #pagar4 #pagar15 #pagar8 #pagar14 #pagar10 #pagar2 #pagar3 #pagar16 #pagar12"
17,"SALE!!! Sajadah Pengajian di Bandung, Sajadah Pernikahan di Bandung, Sajadah Tasbih di Bandung, Sajadah Melati di Bandung, Souvenir Nikah di Bandung","alamat","apa mbuhlah, mbuhlah apa","#pagar7 #pagar1 #pagar15 #pagar11 #pagar9 #pagar5 #pagar4 #pagar13 #pagar16 #pagar8 #pagar6 #pagar12 #pagar14 #pagar10 #pagar2"
18,"SALE!!! Sajadah Tahlil di Bandung, Sajadah Tahlilan di Bandung, Sajadah Mahal Mahal di Bandung, Sajadah Batik Melati di Bandung, Sajadah Souvenrrr di Bandung","alamat","apa mbuhlah, mbuhlah apa","#pagar12 #pagar3 #pagar16 #pagar6 #pagar9 #pagar10 #pagar5 #pagar11 #pagar2 #pagar1 #pagar8 #pagar15 #pagar13 #pagar4 #pagar14"
19,"CUCI GUDANG!!! Sajadah Murah di Jakarta, Sajadah Batik di Jakarta, Sajadah Souvenir di Jakarta, Sajadah Mahal di Jakarta, Sajadah Cantik di Jakarta","alamat","apa mbuhlah, mbuhlah apa","#pagar6 #pagar16 #pagar8 #pagar4 #pagar2 #pagar7 #pagar15 #pagar12 #pagar5 #pagar14 #pagar1 #pagar10 #pagar9 #pagar13 #pagar11"
20,"CUCI GUDANG!!! Sajadah Pengajian di Jakarta, Sajadah Pernikahan di Jakarta, Sajadah Tasbih di Jakarta, Sajadah Melati di Jakarta, Souvenir Nikah di Jakarta","alamat","apa mbuhlah, mbuhlah apa","#pagar15 #pagar6 #pagar11 #pagar10 #pagar7 #pagar5 #pagar13 #pagar12 #pagar4 #pagar9 #pagar2 #pagar14 #pagar1 #pagar3 #pagar8"
21,"CUCI GUDANG!!! Sajadah Tahlil di Jakarta, Sajadah Tahlilan di Jakarta, Sajadah Mahal Mahal di Jakarta, Sajadah Batik Melati di Jakarta, Sajadah Souvenrrr di Jakarta","alamat","apa mbuhlah, mbuhlah apa","#pagar11 #pagar8 #pagar3 #pagar5 #pagar9 #pagar15 #pagar14 #pagar1 #pagar6 #pagar2 #pagar13 #pagar12 #pagar10 #pagar7 #pagar16"
22,"CUCI GUDANG!!! Sajadah Murah di Bandung, Sajadah Batik di Bandung, Sajadah Souvenir di Bandung, Sajadah Mahal di Bandung, Sajadah Cantik di Bandung","alamat","apa mbuhlah, mbuhlah apa","#pagar9 #pagar16 #pagar11 #pagar13 #pagar14 #pagar15 #pagar8 #pagar5 #pagar2 #pagar7 #pagar1 #pagar12 #pagar3 #pagar10 #pagar6"
23,"CUCI GUDANG!!! Sajadah Pengajian di Bandung, Sajadah Pernikahan di Bandung, Sajadah Tasbih di Bandung, Sajadah Melati di Bandung, Souvenir Nikah di Bandung","alamat","apa mbuhlah, mbuhlah apa","#pagar10 #pagar3 #pagar5 #pagar15 #pagar4 #pagar8 #pagar7 #pagar13 #pagar9 #pagar11 #pagar1 #pagar2 #pagar16 #pagar14 #pagar6"
24,"CUCI GUDANG!!! Sajadah Tahlil di Bandung, Sajadah Tahlilan di Bandung, Sajadah Mahal Mahal di Bandung, Sajadah Batik Melati di Bandung, Sajadah Souvenrrr di Bandung","alamat","apa mbuhlah, mbuhlah apa","#pagar15 #pagar10 #pagar9 #pagar3 #pagar11 #pagar13 #pagar8 #pagar1 #pagar4 #pagar5 #pagar12 #pagar14 #pagar2 #pagar16 #pagar7"
25,"OBRAL!!! Sajadah Murah di Jakarta, Sajadah Batik di Jakarta, Sajadah Souvenir di Jakarta, Sajadah Mahal di Jakarta, Sajadah Cantik di Jakarta","alamat","apa mbuhlah, mbuhlah apa","#pagar4 #pagar6 #pagar16 #pagar7 #pagar14 #pagar10 #pagar3 #pagar12 #pagar11 #pagar9 #pagar1 #pagar13 #pagar5 #pagar15 #pagar8"
26,"OBRAL!!! Sajadah Pengajian di Jakarta, Sajadah Pernikahan di Jakarta, Sajadah Tasbih di Jakarta, Sajadah Melati di Jakarta, Souvenir Nikah di Jakarta","alamat","apa mbuhlah, mbuhlah apa","#pagar15 #pagar2 #pagar12 #pagar6 #pagar4 #pagar7 #pagar3 #pagar14 #pagar11 #pagar8 #pagar1 #pagar13 #pagar10 #pagar5 #pagar16"
27,"OBRAL!!! Sajadah Tahlil di Jakarta, Sajadah Tahlilan di Jakarta, Sajadah Mahal Mahal di Jakarta, Sajadah Batik Melati di Jakarta, Sajadah Souvenrrr di Jakarta","alamat","apa mbuhlah, mbuhlah apa","#pagar6 #pagar4 #pagar5 #pagar11 #pagar10 #pagar3 #pagar15 #pagar8 #pagar13 #pagar2 #pagar1 #pagar7 #pagar9 #pagar16 #pagar12"
28,"OBRAL!!! Sajadah Murah di Bandung, Sajadah Batik di Bandung, Sajadah Souvenir di Bandung, Sajadah Mahal di Bandung, Sajadah Cantik di Bandung","alamat","apa mbuhlah, mbuhlah apa","#pagar6 #pagar12 #pagar8 #pagar7 #pagar9 #pagar15 #pagar5 #pagar2 #pagar4 #pagar1 #pagar13 #pagar14 #pagar16 #pagar3 #pagar10"
29,"OBRAL!!! Sajadah Pengajian di Bandung, Sajadah Pernikahan di Bandung, Sajadah Tasbih di Bandung, Sajadah Melati di Bandung, Souvenir Nikah di Bandung","alamat","apa mbuhlah, mbuhlah apa","#pagar8 #pagar11 #pagar12 #pagar15 #pagar7 #pagar16 #pagar14 #pagar2 #pagar9 #pagar4 #pagar10 #pagar5 #pagar3 #pagar13 #pagar1"
30,"OBRAL!!! Sajadah Tahlil di Bandung, Sajadah Tahlilan di Bandung, Sajadah Mahal Mahal di Bandung, Sajadah Batik Melati di Bandung, Sajadah Souvenrrr di Bandung","alamat","apa mbuhlah, mbuhlah apa","#pagar1 #pagar14 #pagar4 #pagar9 #pagar6 #pagar5 #pagar7 #pagar12 #pagar8 #pagar15 #pagar13 #pagar2 #pagar16 #pagar3 #pagar10"
1,"souvenir pengajian, souvenir sajadah., souvenir sajadah 40 hari, souvenir tahlilan murah, souvenir pengajian 1000 hari, souvenir untuk acara tahlilan, jual sajadah untuk souvenir, souvenir tasbih cantik, souvenir pengajian tahlil, souvenir untuk acara tahlilan, jual tasbih, souvenir selamatan 1000 hari, souvenir pengajian pernikahan, souvenir 100 hari orang meninggal, souvenir 4 bulanan"
2,"souvenir pengajian, souvenir sajadah., souvenir sajadah 40 hari, souvenir tahlilan murah, souvenir pengajian 1000 hari, souvenir untuk acara tahlilan, jual sajadah untuk souvenir, souvenir tasbih cantik, souvenir pengajian tahlil, souvenir untuk acara tahlilan, jual tasbih, souvenir selamatan 1000 hari, souvenir pengajian pernikahan, souvenir 100 hari orang meninggal, souvenir 4 bulanan"