1,souvenir tahlilan jakarta
2,souvenir tahlilan bandung
3,souvenir tahlilan surabaya
4,souvenir tahlilan di bandung
5,souvenir tahlilan 40 hari jakarta
6,souvenir tahlilan makassar
7,paket souvenir tahlilan bandung
8,souvenir tahlilan jogja
9,souvenir tahlil jogja
10,souvenir tahlilan semarang
11,souvenir tahlilan di solo
12,sajadah souvenir tahlilan surabaya
13,souvenir aqiqah murah di jakarta
14,souvenir aqiqah jogja
15,souvenir aqiqah surabaya
16,souvenir aqiqah bandung
17,souvenir aqiqah murah jakarta
18,souvenir aqiqah murah bandung
19,souvenir pernikahan islami jogja
20,souvenir islami jakarta
21,souvenir islami malang
22,souvenir 4 bulanan di bandung
23,souvenir 4 bulanan bandung
24,souvenir khitanan murah di jakarta
25,souvenir khitanan murah di bandung
26,souvenir khitanan di surabaya
27,souvenir khitanan murah surabaya
28,souvenir kelahiran bayi di surabaya
29,souvenir kelahiran bayi di malang
30,souvenir kelahiran bayi di kudus
31,souvenir kelahiran bayi di blitar
32,souvenir kelahiran bayi di magelang
33,souvenir kelahiran bayi surabaya
34,toko souvenir kelahiran bayi di surabaya
35,souvenir untuk kelahiran bayi di surabaya
36,souvenir kelahiran bayi murah surabaya
37,souvenir kelahiran bayi di ponorogo
38,souvenir kelahiran bayi di gresik
39,souvenir kelahiran bayi di semarang
40,souvenir kelahiran bayi di kediri
41,souvenir kelahiran bayi magelang
42,souvenir kelahiran bayi di solo
43,souvenir kelahiran bayi bandung
44,souvenir kelahiran bayi bojonegoro
45,souvenir kelahiran bayi jogja
46,souvenir kelahiran bayi murah jogja
47,souvenir kelahiran bayi kudus
48,souvenir kelahiran bayi malang
49,toko souvenir kelahiran bayi di magelang
50,souvenir kelahiran anak di semarang
51,souvenir kelahiran bayi tulungagung
52,souvenir umroh di surabaya
53,souvenir umroh murah surabaya
54,souvenir umroh malang
55,souvenir umroh surabaya
56,souvenir haji murah surabaya
57,souvenir haji surabaya
58,souvenir haji di surabaya
59,souvenir haji tanah abang
60,souvenir haji malang
61,souvenir haji jogja
62,souvenir haji kota depok jawa barat
63,souvenir haji sidoarjo
64,souvenir haji di semarang
65,souvenir haji bekasi
66,souvenir haji di jakarta
67,souvenir haji jakarta
68,pusat souvenir haji surabaya
69,toko souvenir haji di surabaya
70,souvenir pengajian pernikahan bandung
71,souvenir pengajian pernikahan jakarta
72,souvenir pengajian bandung
73,souvenir pengajian di bandung
74,souvenir siraman dan pengajian di bandung
75,souvenir pengajian pernikahan jogja
76,souvenir pengajian murah surabaya
77,souvenir pengajian semarang
78,souvenir siraman bandung
79,souvenir siraman di bandung
80,souvenir siraman murah di bandung
81,souvenir siraman jogja
82,souvenir siraman surabaya
83,souvenir siraman murah bandung
84,souvenir siraman dan pengajian di bandung
85,souvenir siraman murah jakarta
